I.D,,Department,Group,Teacher,Gender,Q1.1,Q2.1,Q3.1,Q4.1,Q5.1,Q6.1,M1,Q1.2,Q2.2,Q3.2,Q4.2,M2,Q1.3,Q2.3,Q3.3,Q4.3,Q5.3,Q6.3,M3,Q1.4,Q2.4,Q3.4,Q4.4,Q5.4,Q6.4,Final
1,6178,22,2,B,M,7,2,0,8,8,6,31,?,?,?,?,0,0,8,0,0,0,0,8,?,?,?,?,?,?,0
2,146,28,5,B,M,7,3,0,4,5,1,20,0,9,13,0,22,0,3,3,0,8,0,14,2,0,5,1,2,0,10
3,1197,26,4,B,M,6,4,0,6,0,4,20,0,3,8,0,11,0,0,0,0,9,0,9,10,0,3,4,1,3,21
4,1623,28,5,B,M,6,4,4,6,1,6,27,6,20,32,9,67,0,8,1,5,10,0,24,1,14,10,0,12,10,47
5,2974,27,4,B,M,5,0,0,5,0,0,10,0,19,0,0,19,0,4,1,0,0,0,5,5,0,10,0,0,0,15
6,3551,20,2,B,M,?,?,?,?,?,?,0,0,9,12,1,22,0,1,0,0,10,4,15,3,0,10,2,3,7,25
7,4631,20,4,B,M,5,4,4,6,8,6,33,1,14,24,7,46,0,0,0,1,9,9,19,12,0,6,3,6,7,34
8,5347,45,3,B,M,6,4,4,3,6,8,31,7,20,27,9,63,7,8,5,0,9,8,37,12,13,9,4,4,7,49
9,6008,21,4,B,F,5,4,4,4,1,4,22,0,20,12,9,41,9,2,1,0,0,8,20,4,2,10,1,7,3,27
10,6751,28,3,B,M,8,1,4,8,7,6,34,1,20,32,9,62,10,9,6,0,10,9,44,12,8,10,6,12,10,58
11,7112,25,3,B,M,7,4,0,8,8,4,31,6,18,22,1,47,6,7,0,2,10,10,35,12,12,10,8,12,10,64
12,7897,22,5,B,F,1,4,0,8,5,5,23,0,19,25,6,50,0,3,0,0,9,9,21,0,0,0,0,0,0,0
13,8763,21,4,B,F,8,4,0,8,6,4,30,0,17,21,1,39,0,4,4,1,10,8,27,8,0,10,6,14,7,45
14,9695,25,5,B,M,8,4,4,8,6,6,36,0,14,32,3,49,10,4,5,1,10,9,39,0,2,10,4,13,10,39
15,225,20,5,B,M,4,2,4,3,1,2,16,1,9,21,7,38,0,3,0,0,0,0,3,5,6,1,1,10,7,30
16,8702,27,2,B,M,1,1,4,4,0,0,10,0,11,6,7,24,0,0,0,0,0,0,0,0,0,0,2,6,7,15
17,243,21,4,B,M,6,2,4,2,0,0,14,0,0,0,0,0,7,0,0,10,7,0,24,4,12,3,0,0,0,19
18,1248,20,2,B,F,2,4,0,6,1,6,19,0,15,21,9,45,0,1,1,4,10,7,23,8,0,10,1,3,5,27
19,1691,45,3,B,M,?,?,?,?,?,?,0,7,14,34,12,67,10,10,5,7,0,10,42,8,12,10,6,14,10,60
20,3079,45,2,B,M,8,0,4,6,8,3,29,2,17,32,9,60,0,5,10,9,9,9,42,12,12,3,11,3,7,48
21,3573,45,2,B,M,8,2,0,8,7,6,31,5,19,30,6,60,2,8,2,0,10,6,28,12,0,10,12,12,10,56
22,4653,28,4,B,M,1,4,2,5,2,0,14,0,18,16,9,43,2,5,7,0,10,5,29,0,0,7,6,12,10,35
23,5499,24,2,B,M,?,?,?,?,?,?,0,1,16,17,9,43,0,0,7,0,8,8,23,12,6,10,9,4,0,41
24,6032,45,2,B,M,4,1,0,8,4,0,17,1,17,7,4,29,5,2,5,0,9,8,29,5,0,3,9,2,7,26
25,6813,25,1,B,M,7,4,4,8,6,5,34,1,19,21,9,50,7,1,5,0,10,7,30,6,6,8,6,9,10,45
26,7123,20,2,B,M,6,3,4,3,1,2,19,1,19,15,8,43,0,5,4,0,5,5,19,12,0,0,6,3,7,28
27,7926,45,3,B,M,4,2,4,8,6,5,29,0,19,30,9,58,0,0,0,0,0,0,0,7,0,10,9,2,7,35
28,8858,25,3,B,M,4,4,0,8,6,8,30,0,19,32,9,60,2,8,5,10,7,9,41,8,12,10,6,14,14,64
29,9713,28,5,B,M,4,4,2,4,6,4,24,2,8,10,4,24,0,1,1,0,10,10,22,8,0,10,4,5,7,34
30,282,28,2,B,M,6,4,2,7,8,3,30,1,20,25,9,55,0,7,6,0,8,8,29,12,13,10,2,5,10,52
31,1619,24,3,B,F,?,?,?,?,?,?,0,?,?,?,?,0,?,?,?,?,?,?,0,?,?,?,?,?,?,0
32,276,28,1,B,M,8,4,4,8,8,8,40,10,19,38,1,68,10,7,5,7,10,9,48,12,6,0,12,13,7,50
33,1301,40,3,B,F,6,0,4,5,1,6,22,1,16,24,1,42,0,5,0,0,7,9,21,8,6,7,1,1,10,33
34,1707,21,5,B,M,6,4,2,8,6,4,30,1,15,8,9,33,4,4,1,0,0,6,15,2,0,0,2,2,7,13
35,3121,25,5,B,M,8,2,4,4,2,6,26,2,8,22,7,39,0,6,10,3,10,9,38,5,7,10,5,8,10,45
36,3719,27,1,B,M,4,2,0,6,5,6,23,0,15,24,1,40,0,1,3,0,2,3,9,8,0,0,9,5,7,29
37,4675,25,3,B,M,8,4,4,8,8,8,40,10,20,38,9,77,?,?,?,?,?,?,0,12,12,10,7,14,10,65
38,5528,24,4,B,M,5,1,2,6,1,2,17,0,8,19,0,27,0,1,0,0,10,10,21,10,12,7,8,0,7,44
39,6065,20,4,B,M,8,4,4,3,0,5,24,1,20,30,9,60,5,6,0,7,8,9,35,3,0,8,0,5,4,20
40,6868,40,3,B,F,6,4,0,6,7,3,26,0,11,21,1,33,0,9,0,0,9,10,28,0,0,0,7,2,5,14
41,7134,28,1,B,M,5,4,4,8,6,2,29,1,24,16,9,50,0,1,3,0,10,10,24,0,0,6,4,14,10,34
42,7948,25,2,B,M,2,4,0,5,8,1,20,0,16,19,1,36,0,4,5,0,10,0,19,10,0,7,0,7,10,34
43,8871,25,5,B,M,8,2,0,8,6,8,32,3,20,32,9,64,0,7,5,0,10,9,31,12,0,4,12,14,10,52
44,9821,28,1,B,M,8,2,4,8,6,7,35,1,20,24,9,54,0,1,0,1,10,10,22,0,6,10,12,7,14,49
45,485,28,5,B,M,8,2,4,0,0,4,18,0,3,7,0,10,5,3,0,0,10,10,28,0,0,4,6,4,3,17
46,3922,22,2,B,M,8,4,0,6,0,2,20,0,4,7,0,11,0,3,0,0,2,0,5,0,0,0,0,2,10,12
47,287,45,3,B,M,8,3,4,8,7,7,37,0,16,18,1,35,10,8,8,4,7,9,46,10,0,1,12,7,3,33
48,1312,20,2,B,F,8,4,4,8,8,7,39,1,19,32,9,61,?,?,?,?,?,?,0,12,0,9,9,14,10,54
49,1742,22,4,B,M,4,0,0,0,4,4,12,0,10,10,0,20,0,6,0,0,0,0,6,0,6,0,0,0,10,16
50,3143,20,4,B,M,2,0,2,8,8,4,24,0,18,31,4,53,0,1,1,2,10,9,23,10,0,1,1,3,10,25
51,3849,28,1,B,M,3,2,0,3,5,3,16,7,20,32,9,68,9,2,5,0,8,10,34,0,12,10,1,11,14,48
52,4697,28,2,B,M,0,0,4,0,0,0,4,0,19,15,8,42,0,7,0,7,9,9,32,6,12,10,1,5,13,47
53,5541,20,1,B,F,6,4,4,8,6,2,30,7,17,27,7,58,0,5,4,0,7,4,20,6,6,10,6,6,10,44
54,6213,26,5,B,M,8,2,0,7,0,6,23,0,13,19,0,32,10,5,9,0,10,0,34,0,12,3,1,6,7,29
55,6881,20,5,B,F,5,4,1,8,0,2,20,0,14,19,0,33,3,0,5,0,10,9,27,8,12,3,1,4,14,42
56,7156,25,2,B,M,8,3,4,8,6,6,35,10,20,31,11,72,0,0,4,0,9,5,18,8,6,6,8,13,10,51
57,8009,25,4,B,M,8,4,4,7,4,6,33,10,20,32,9,71,0,0,3,0,0,9,12,12,2,6,11,13,10,54
58,8882,21,4,B,M,5,2,4,8,7,3,29,0,14,17,1,32,0,6,5,0,10,8,29,6,0,7,1,5,10,29
59,9832,25,2,B,M,3,0,4,6,2,2,17,7,20,22,5,54,0,1,1,5,9,9,25,0,6,10,8,10,7,41
60,496,24,1,B,M,?,?,?,?,?,?,0,0,0,11,0,11,0,0,3,6,0,5,14,0,12,0,0,12,2,26
61,4157,40,4,B,M,?,?,?,?,?,?,0,?,?,?,?,0,?,?,?,?,?,?,0,?,?,?,?,?,?,0
62,362,28,2,B,M,7,3,0,5,8,4,27,1,18,21,0,40,0,4,0,0,10,2,16,0,0,5,8,1,7,21
63,1345,22,5,B,M,6,4,4,4,5,5,28,?,?,?,?,0,8,4,3,0,2,9,26,10,0,3,8,2,8,31
64,1837,28,1,B,M,8,2,0,8,6,4,28,1,19,32,9,61,5,7,3,0,10,7,32,12,11,10,10,13,7,63
65,3227,27,3,B,M,5,4,4,6,1,4,24,0,18,8,9,35,0,3,4,0,0,8,15,4,0,0,0,0,0,4
66,3968,28,3,B,M,6,2,4,7,6,3,28,6,19,30,8,63,10,9,4,7,10,10,50,10,12,3,12,14,14,65
67,4704,20,5,B,M,6,1,4,8,8,5,32,0,20,20,11,51,0,5,3,0,9,9,26,0,12,10,9,14,7,52
68,5574,21,4,B,F,4,2,4,5,6,8,29,1,18,23,8,50,?,?,?,?,?,?,0,4,0,3,3,9,10,29
69,6321,21,3,B,F,4,4,0,4,1,4,17,0,19,17,9,45,10,5,1,3,0,10,29,10,0,0,3,0,7,20
70,6943,40,3,B,M,8,2,3,8,6,6,33,0,19,32,9,60,?,?,?,?,?,?,0,4,0,7,1,3,10,25
71,7531,22,4,B,M,6,4,4,7,5,6,32,0,11,25,9,45,?,?,?,?,?,?,0,4,0,0,3,3,3,13
72,8022,45,2,B,M,7,3,0,6,6,3,25,0,15,18,2,35,3,0,0,0,0,0,3,1,0,3,1,5,7,17
73,8893,28,1,B,M,8,1,4,6,8,5,32,1,19,19,9,48,4,5,3,0,10,9,31,0,0,3,4,7,8,22
74,9854,28,2,B,M,0,0,0,0,0,2,2,0,14,19,7,40,0,0,0,0,9,9,18,10,6,3,0,0,0,19
75,1005,49,2,B,F,?,?,?,?,?,?,0,?,?,?,?,0,0,0,0,0,0,0,0,8,0,10,2,6,0,26
76,384,28,4,B,M,8,4,4,8,7,7,38,7,19,23,9,58,2,9,9,5,10,5,40,12,11,10,12,13,10,68
77,1389,21,2,B,M,8,4,0,6,6,3,27,1,19,27,1,48,10,5,0,0,8,8,31,0,6,6,5,12,8,37
78,1859,45,1,B,M,7,4,4,6,5,4,30,0,20,23,0,43,0,3,0,0,10,0,13,12,0,8,4,7,9,40
79,3346,20,1,B,M,6,1,4,6,2,7,26,2,17,27,1,47,0,0,0,0,0,5,5,10,12,5,0,1,0,28
80,3992,25,3,B,M,5,3,4,8,8,5,33,6,16,32,7,61,0,0,0,0,0,0,0,6,6,10,9,14,10,55
81,4772,22,3,B,M,8,4,4,8,2,4,30,1,19,24,8,52,10,9,6,0,10,9,44,12,0,6,12,11,7,48
82,5596,28,1,B,M,7,4,0,8,6,6,31,1,17,32,7,57,3,8,4,1,10,9,35,4,0,4,2,9,10,29
83,6416,20,3,B,M,8,4,3,0,0,4,19,0,12,24,9,45,8,2,1,4,10,7,32,10,1,6,0,8,7,32
84,6954,28,3,B,M,4,4,0,4,0,4,16,1,12,23,8,44,0,1,0,0,0,1,2,3,12,0,9,6,9,39
85,7564,25,5,B,M,8,3,4,8,5,6,34,0,15,16,4,35,4,9,4,6,8,9,40,8,0,5,4,5,7,29
86,8066,26,2,B,M,4,4,0,6,6,0,20,0,14,17,6,37,0,2,1,0,7,5,15,2,0,2,2,3,8,17
87,9232,25,1,B,M,7,4,0,8,4,8,31,0,18,31,9,58,?,?,?,?,?,?,0,10,7,10,11,14,10,62
88,9927,40,5,B,M,6,0,4,8,7,6,31,3,20,32,11,66,10,7,0,1,10,10,38,0,12,10,5,7,10,44
89,1006,49,4,B,M,?,?,?,?,?,?,0,0,5,0,0,5,0,1,2,0,0,0,3,0,0,3,0,0,0,3
90,413,25,4,B,F,2,0,2,0,0,1,5,0,8,13,0,21,0,0,0,0,0,7,7,5,0,8,0,0,3,16
91,1429,25,3,B,M,0,3,2,5,6,0,16,0,18,22,1,41,0,6,7,6,10,10,39,0,0,9,1,10,9,29
92,2052,27,2,B,F,0,4,0,8,0,0,12,0,16,12,1,29,0,0,3,0,9,7,19,2,0,1,9,1,5,18
93,3357,27,3,B,M,2,1,2,6,1,2,14,0,13,0,0,13,0,2,3,0,9,9,23,3,0,0,5,8,10,26
94,4097,27,1,B,M,6,0,0,6,0,2,14,1,18,24,0,43,5,5,3,0,9,5,27,12,6,6,9,6,7,46
95,4845,27,3,B,M,8,3,4,8,6,6,35,10,20,22,1,53,5,6,7,0,10,9,37,12,0,7,11,12,9,51
96,5647,40,2,B,F,8,4,4,8,7,7,38,0,15,28,8,51,10,7,0,0,10,9,36,12,0,4,10,14,7,47
97,6427,20,3,B,M,8,0,3,8,6,4,29,0,19,30,4,53,?,?,?,?,?,?,0,0,12,8,9,10,7,46
98,6976,25,2,B,M,6,0,0,0,2,0,8,1,0,0,0,1,8,0,0,0,0,10,18,0,0,0,0,0,4,4
99,7615,25,2,B,M,5,4,0,0,1,0,10,6,20,24,1,51,8,4,3,7,7,10,39,10,6,10,4,12,10,52
100,8077,22,4,B,F,0,0,0,0,5,2,7,0,0,7,0,7,0,0,0,1,0,0,1,0,0,0,0,0,0,0
101,9305,28,1,B,M,?,?,?,?,?,?,0,0,8,10,9,27,0,0,1,2,8,0,11,5,12,10,8,6,7,48
102,9949,20,3,B,M,4,0,0,2,2,0,8,0,10,19,0,29,0,0,1,0,3,4,8,6,0,0,0,0,7,13
103,1023,49,5,B,M,0,0,0,0,1,0,1,?,?,?,?,0,?,?,?,?,?,?,0,2,0,0,0,0,0,2
104,673,25,4,B,M,6,4,4,8,6,7,35,10,20,38,9,77,0,0,8,0,10,9,27,8,8,10,12,14,14,66
105,1442,20,1,B,M,8,4,0,7,1,2,22,10,20,29,9,68,10,8,8,10,0,5,41,5,12,10,12,12,7,58
106,2222,26,1,B,F,5,4,4,8,8,7,36,0,15,16,0,31,0,6,0,1,10,6,23,6,0,2,1,1,7,17
107,3381,20,4,B,M,5,1,0,8,4,4,22,0,13,16,4,33,5,1,2,1,10,9,28,12,12,2,0,1,10,37
108,4342,25,5,B,M,8,4,4,8,4,8,36,1,13,31,8,53,10,8,3,0,10,2,33,3,0,10,10,8,7,38
109,4889,22,1,B,M,8,2,0,2,1,4,17,0,4,14,1,19,0,0,3,0,0,1,4,0,0,2,0,1,0,3
110,5839,45,2,B,M,6,4,0,6,8,3,27,10,16,31,9,66,0,7,4,0,10,7,28,3,0,6,1,14,4,28
111,6484,25,2,B,M,6,2,4,3,0,2,17,0,18,23,1,42,0,5,0,0,9,7,21,12,0,7,12,11,8,50
112,6987,25,3,B,M,6,1,0,6,0,4,17,1,13,3,7,24,10,4,1,0,7,2,24,12,4,3,10,0,14,43
113,7659,28,1,B,M,5,0,2,0,4,4,15,0,20,17,9,46,0,1,1,0,10,0,12,10,0,10,3,4,10,37
114,8099,26,1,B,F,2,4,4,8,6,6,30,0,19,21,1,41,?,?,?,?,?,?,0,0,0,6,5,12,7,30
115,9351,25,1,B,M,?,?,?,?,?,?,0,10,18,22,4,54,7,1,3,1,10,8,30,10,4,6,10,12,12,54
116,9962,20,3,B,M,7,4,0,8,8,6,33,0,20,18,7,45,0,1,0,0,3,0,4,4,0,10,1,2,1,18
117,1024,49,3,B,F,4,2,0,8,1,1,16,0,8,16,0,24,0,4,0,0,10,0,14,2,0,3,2,3,7,17
118,695,45,5,B,M,7,2,0,8,6,7,30,0,14,15,9,38,0,4,7,0,10,4,25,12,0,5,3,10,10,40
119,1475,28,3,B,M,8,4,4,8,8,6,38,10,19,32,8,69,5,0,8,0,7,9,29,12,12,10,12,11,10,67
120,2363,21,4,B,F,6,4,4,2,7,0,23,0,20,17,9,46,0,0,0,0,0,0,0,12,0,0,5,3,7,27
121,3408,20,3,B,M,8,4,2,8,8,7,37,1,14,23,9,47,0,0,0,0,7,10,17,0,8,7,6,14,8,43
122,4426,45,2,B,M,6,2,4,8,5,6,31,0,20,22,8,50,0,6,5,0,0,4,15,5,12,10,5,12,10,54
123,4918,20,5,B,M,8,2,0,8,7,7,32,10,14,14,9,47,0,1,8,6,0,9,24,2,0,4,10,14,10,40
124,5874,28,4,B,M,3,3,0,7,8,6,27,0,8,16,9,33,?,?,?,?,?,?,0,0,2,3,5,1,8,19
125,6495,20,2,B,M,2,0,0,2,0,2,6,0,19,12,4,35,0,4,4,0,0,0,8,10,0,10,5,3,10,38
126,7037,27,1,B,M,6,2,0,6,6,6,26,0,20,11,6,37,0,0,5,0,0,0,5,0,0,10,6,14,7,37
127,7701,28,1,B,M,5,2,0,7,0,6,20,0,8,0,0,8,0,1,0,0,0,6,7,0,0,3,1,3,0,7
128,8152,27,4,B,M,4,1,0,6,6,0,17,0,14,6,0,20,0,2,0,0,9,9,20,0,0,5,5,4,10,24
129,9373,25,3,B,F,6,4,0,8,1,4,23,0,17,32,8,57,0,0,0,0,8,10,18,4,0,8,9,4,7,32
130,11,28,2,B,M,8,2,0,5,2,0,17,0,15,31,12,58,0,0,6,3,8,10,27,5,5,10,6,3,7,36
131,1059,49,3,B,M,0,0,0,0,0,0,0,0,0,0,0,0,0,0,0,0,0,0,0,0,0,0,0,0,0,0
132,735,45,4,B,M,3,2,0,4,1,4,14,0,2,14,0,16,0,2,1,0,9,7,19,0,0,6,1,0,7,14
133,1515,20,2,B,M,6,2,0,8,8,5,29,3,20,29,9,61,0,0,0,0,10,6,16,12,8,7,5,12,7,51
134,2577,45,5,B,F,8,2,0,8,5,6,29,0,17,30,9,56,0,3,0,0,10,10,23,1,6,6,6,12,10,41
135,3421,28,5,B,M,6,4,4,8,8,8,38,0,20,33,9,62,?,?,?,?,?,?,0,12,3,10,12,7,10,54
136,4556,25,4,B,M,8,3,4,8,2,7,32,10,20,32,9,71,3,8,3,10,0,1,25,0,6,10,10,14,10,50
137,5133,28,1,B,M,6,4,4,8,8,4,34,0,13,3,9,25,0,4,0,0,8,9,21,12,12,10,0,0,0,34
138,5914,27,5,B,M,2,2,4,6,0,4,18,0,18,18,6,42,0,0,3,0,10,7,20,2,0,0,0,5,8,15
139,6654,45,1,B,M,5,3,0,2,0,0,10,1,10,23,4,38,2,3,7,1,9,3,25,0,0,3,4,9,7,23
140,7061,45,4,B,M,5,4,4,8,6,5,32,0,16,22,9,47,0,1,0,3,10,7,21,10,2,3,4,8,10,37
141,7767,26,1,B,M,5,4,0,2,7,4,22,0,19,23,9,51,0,1,0,0,9,8,18,4,0,10,1,3,7,25
142,8333,22,5,B,M,4,0,0,5,6,3,18,1,18,6,1,26,0,0,0,0,0,2,2,12,0,0,0,0,0,12
143,9446,28,1,B,M,6,4,4,0,0,2,16,8,14,25,12,59,0,5,5,0,0,0,10,12,12,5,0,0,7,36
144,44,28,1,B,M,?,?,?,?,?,?,0,?,?,?,?,0,10,5,3,2,10,0,30,10,0,1,5,9,10,35
145,1066,49,3,B,M,0,1,4,0,0,0,5,0,0,0,0,0,?,?,?,?,?,?,0,0,0,0,0,0,0,0
146,768,21,5,B,M,0,0,0,0,0,0,0,?,?,?,?,0,0,0,1,0,0,0,1,?,?,?,?,?,?,0
147,1537,21,3,B,M,8,3,4,8,6,4,33,3,20,32,5,60,10,7,6,3,10,6,42,8,5,0,10,10,10,43
148,2663,28,1,B,F,8,4,4,8,8,4,36,10,20,25,9,64,?,?,?,?,?,?,0,10,11,10,1,14,10,56
149,3432,20,2,B,M,6,4,4,7,6,6,33,0,19,21,9,49,?,?,?,?,?,?,0,2,8,10,1,1,7,29
150,4578,25,4,B,M,6,4,4,3,0,2,19,0,14,13,1,28,0,5,0,0,10,10,25,6,0,1,6,12,3,28
151,5199,22,3,B,M,0,0,0,0,1,0,1,0,15,24,1,40,0,0,3,1,0,3,7,4,12,0,3,1,10,30
152,5947,28,4,B,M,0,0,0,1,1,0,2,0,0,0,0,0,0,0,0,0,7,10,17,0,0,7,3,1,7,18
153,6665,27,2,B,M,6,0,0,3,1,3,13,1,20,16,0,37,10,8,4,0,9,9,40,12,0,10,4,5,10,41
154,7083,25,3,B,M,4,1,0,8,6,6,25,1,16,15,9,41,7,7,1,0,10,8,33,12,6,7,4,10,0,39
155,7818,26,4,B,M,0,2,4,0,1,0,7,0,7,10,0,17,0,0,3,0,9,0,12,4,0,6,2,0,0,12
156,8536,28,3,B,M,2,1,0,8,6,4,21,1,19,13,1,34,0,0,0,2,7,10,19,0,2,7,12,2,7,30
157,9554,26,4,B,M,?,?,?,?,?,?,0,0,19,22,10,51,0,0,4,0,10,5,19,12,0,0,9,14,10,45
158,163,28,1,B,M,6,3,0,3,6,3,21,0,19,15,9,43,0,4,3,0,10,6,23,12,6,10,4,3,7,42
159,51,45,2,B,M,6,4,4,8,6,5,33,1,14,25,9,49,0,2,6,0,10,10,28,4,0,0,2,13,7,26
160,1067,21,4,B,M,5,2,0,8,0,6,21,1,20,23,9,53,0,5,10,0,10,10,35,0,0,10,10,14,7,41
161,1572,20,2,B,M,8,2,4,8,6,8,36,0,20,32,1,53,10,6,8,10,10,4,48,12,0,9,9,13,10,53
162,2917,21,4,B,F,3,3,0,8,6,7,27,0,20,30,1,51,?,?,?,?,?,?,0,4,0,10,1,7,7,29
163,3516,27,4,B,M,8,1,4,0,2,6,21,3,9,18,9,39,?,?,?,?,?,?,0,0,14,9,11,10,3,47
164,4618,45,3,B,M,6,3,0,8,7,1,25,7,20,2,9,38,0,5,4,0,8,0,17,12,0,8,8,1,10,39
165,5263,27,1,B,M,6,2,0,4,4,3,19,0,12,27,0,39,0,0,4,0,10,5,19,6,0,0,2,5,8,21
166,5958,45,5,B,M,1,0,0,6,0,0,7,2,18,13,1,34,0,1,0,0,6,2,9,6,0,3,0,5,3,17
167,6727,20,2,B,M,5,4,4,0,0,4,17,0,19,14,6,39,9,6,0,0,10,10,35,12,0,0,3,9,10,34
168,7101,21,5,B,M,6,4,4,8,0,3,25,0,8,22,4,34,0,0,3,0,10,0,13,0,0,8,2,5,5,20
169,7864,28,1,B,M,8,4,4,8,8,8,40,10,20,32,9,71,?,?,?,?,?,?,0,5,8,7,9,14,10,53
170,8569,45,5,B,M,?,?,?,?,?,?,0,1,15,10,1,27,0,1,1,0,0,10,12,0,0,0,0,0,3,3
171,9565,25,5,B,M,8,4,4,8,8,7,39,10,20,32,9,71,10,9,1,8,10,10,48,1,12,10,0,13,10,46
172,214,40,3,B,M,4,4,4,8,6,8,34,10,19,23,4,56,0,0,0,0,0,0,0,12,0,10,4,7,10,43
173,4317,26,7,M,F,?,?,?,?,?,?,0,?,?,?,?,0,0,1,1,0,0,0,2,5,0,4,0,7,1,17
174,316,25,9,M,M,8,2,4,7,8,8,37,6,20,32,9,67,7,10,3,7,9,7,43,12,12,10,9,14,10,67
175,1497,25,10,M,M,8,3,4,8,8,8,39,10,20,22,9,61,0,0,0,0,0,0,0,10,13,10,6,4,7,50
176,2469,20,6,M,F,5,1,0,6,1.5,3,16.5,0,20,19,6,45,8,2,0,0,0,0,10,0,0,0,2,2,10,14
177,3946,24,8,M,M,2,2,4,8,6,4,26,0,17,23,7,47,3,1,1,0,10,8,23,12,0,10,3,14,7,46
178,4437,26,10,M,M,5,4,0,5,0,2,16,0,8,6,5,19,0,1,0,0,0,10,11,4,0,4,5,3,7,23
179,5036,25,8,M,M,2,2,0,4,0,0,8,4,20,17,8,49,4,3,1,0,0,10,18,?,?,?,?,?,?,0
180,6149,20,10,M,M,7,4,4,8,6,6,35,0,12,16,1,29,3,9,3,0,10,5,30,2,0,6,11,11,10,40
181,7359,28,8,M,M,0,1,0,0,0,0,1,0,15,9,3,27,0,1,0,0,7,9,17,0,0,5,4,0,7,16
182,7723,25,8,M,M,7,3,0,4,0,4,18,0,15,16,5,36,5,7,7,0,3,10,32,3,0,4,6,11,10,34
183,8485,25,7,M,F,5,0,0,8,1,3,17,?,?,?,?,0,0,3,0,0,0,5,8,0,0,10,0,5,10,25
184,9435,24,6,M,M,?,?,?,?,?,?,0,4,18,8,0,30,2,5,1,0,7,0,15,12,0,6,4,11,10,43
185,417,22,9,M,M,6,0,4,5,0,3,18,1,16,16,9,42,?,?,?,?,?,?,0,8,6,8,0,0,7,29
186,727,25,8,M,M,?,?,?,?,?,?,0,2,20,20,9,51,0,0,0,0,0,9,9,0,0,10,3,9,7,29
187,395,45,9,M,M,4,4,0,6,0,2,16,10,20,26,9,65,5,0,3,0,10,6,24,12,6,8,5,7,10,48
188,1548,25,6,M,M,8,2,4,8,8,6,36,10,17,32,10,69,10,1,5,9,9,7,41,10,0,2,12,6,10,40
189,2509,40,9,M,F,7,0,0,5,0.5,4,16.5,0,4,13,9,26,0,4,3,1,8,9,25,0,6,10,0,2,7,25
190,4007,28,9,M,M,8,4,4,8,8,8,40,10,20,38,8,76,?,?,?,?,?,?,0,12,12,10,12,14,11,71
191,4472,26,7,M,M,7,4,3,8,7,6,35,2,14,29,9,54,5,8,3,0,10,10,36,8,0,9,3,12,10,42
192,5188,25,8,M,M,8,3,4,6,3,7,31,0,17,14,9,40,10,1,0,2,2,6,21,10,12,7,8,0,12,49
193,6246,22,6,M,F,3,0,0,3,8,2,16,0,8,16,0,24,2,1,0,0,0,0,3,0,0,1,4,7,0,12
194,7372,28,10,M,M,6,4,4,8,8,8,38,10,14,30,9,63,10,1,5,8,10,8,42,12,6,10,12,13,14,67
195,7745,25,6,M,M,8,3,2,8,8,4,33,0,20,24,6,50,?,?,?,?,?,?,0,0,0,6,4,14,10,34
196,8622,26,10,M,M,3,3,4,3,4,0,17,0,8,5,0,13,0,2,3,0,4,0,9,0,0,0,0,0,7,7
197,9492,25,6,M,M,0,0,0,0,0,0,0,0,2,0,3,5,5,0,0,0,0,2,7,10,0,0,0,0,0,10
198,463,40,7,M,M,8,4,4,8,4,6,34,6,17,30,9,62,6,7,3,7,10,0,33,10,6,10,2,2,10,40
199,4799,22,6,M,M,?,?,?,?,?,?,0,?,?,?,?,0,?,?,?,?,?,?,0,?,?,?,?,?,?,0
200,554,21,7,M,F,3,3,0,8,2,6,22,1,10,20,9,40,0,4,0,0,9,8,21,0,0,4,7,8,7,26
201,1656,25,9,M,M,6,4,0,6,0,2,18,0,10,29,2,41,0,3,4,0,0,6,13,0,0,0,6,14,7,27
202,2606,24,10,M,F,4,2,4,8,5,6,29,1,10,12,9,32,0,4,2,0,9,9,24,0,6,4,2,1,10,23
203,4018,21,8,M,M,8,4,4,2,8,5,31,10,20,10,9,49,10,10,9,10,10,10,59,12,12,10,12,6,10,62
204,4534,25,7,M,M,3,4,3,8,6,2,26,1,20,26,2,49,0,1,0,0,10,1,12,3,0,10,2,9,10,34
205,5217,22,8,M,M,5,2,0,4,0,0,11,0,14,27,0,41,0,0,4,0,0,10,14,4,6,4,0,1,0,15
206,6513,26,9,M,M,7,4,0,8,0,0,19,0,17,12,8,37,5,0,4,0,10,8,27,0,5,8,5,14,10,42
207,7383,28,8,M,M,8,1,4,2,0,4,19,0,13,28,9,50,10,7,0,0,10,10,37,7,0,3,10,13,10,43
208,7756,28,6,M,M,?,?,?,?,?,?,0,2,20,30,9,61,0,4,4,4,10,9,31,12,12,3,0,13,10,50
209,8869,20,9,M,M,4,4,4,8,8,4,32,0,16,18,9,43,0,1,3,0,4,7,15,12,0,6,2,3,0,23
210,9605,25,7,M,M,8,3,4,8,8,6,37,10,20,24,12,66,10,10,6,10,10,0,46,8,8,10,12,14,14,66
211,3406,22,9,M,M,3,0,4,3,0,0,10,0,2,0,1,3,5,1,0,0,0,1,7,5,0,0,0,0,7,12
212,702,28,7,M,M,8,2,4,8,6,4,32,1,15,17,9,42,6,2,0,0,3,0,11,2,6,2,0,3,7,20
213,1815,25,10,M,M,8,4,4,5,8,4,33,10,20,17,9,56,?,?,?,?,?,?,0,12,8,7,9,10,7,53
214,2747,40,6,M,F,8,2,4,8,5.5,6,33.5,0,20,15,5,40,0,4,0,0,9,0,13,3,0,0,5,4,7,19
215,4086,25,6,M,M,7,4,4,8,6,8,37,10,14,32,4,60,10,6,1,1,10,7,35,3,8,10,12,2,10,45
216,4589,25,7,M,M,7,2,4,8,8,8,37,2,20,24,9,55,6,1,10,0,10,10,37,10,0,7,6,14,10,47
217,5252,28,7,M,M,6,4,4,7,3.5,6,30.5,0,0,7,3,10,9,1,0,0,9,6,25,0,0,8,3,5,3,19
218,6546,20,9,M,M,8,4,0,6,0.5,5,23.5,0,17,27,7,51,0,0,0,0,0,0,0,2,0,0,2,5,7,16
219,7394,25,9,M,M,?,?,?,?,?,?,0,7,19,29,0,55,5,5,8,0,10,9,37,10,6,10,1,9,10,46
220,7904,22,8,M,M,5,4,0,2,0,4,15,2,20,5,4,31,0,5,3,0,2,5,15,8,0,0,0,1,7,16
221,9243,25,9,M,M,6,0,4,6,4,2,22,7,19,28,9,63,0,4,9,0,9,9,31,10,12,4,7,14,10,57
222,9662,28,6,M,M,7,3,4,8,7,8,37,6,16,29,6,57,10,10,3,0,10,9,42,2,6,2,0,9,10,29
223,726,28,7,M,M,?,?,?,?,?,?,0,?,?,?,?,0,?,?,?,?,?,?,0,?,?,?,?,?,?,0
224,746,26,8,M,M,0,3,0,6,6,4,19,0,17,15,3,35,0,5,6,0,0,2,13,1,0,3,6,6,10,26
225,1894,45,7,M,F,8,0,0,6,5,2,21,0,16,30,9,55,0,3,3,0,8,8,22,8,0,0,2,3,10,23
226,2782,24,10,M,F,8,2,0,8,4.5,0,22.5,0,14,0,2,16,0,6,0,0,0,0,6,8,0,5,2,5,7,27
227,4148,22,9,M,M,0,4,4,0,0,0,8,?,?,?,?,0,0,4,0,0,0,0,4,11,6,5,0,0,0,22
228,4629,40,8,M,M,5,2,4,6,7,3,27,1,20,29,9,59,0,4,0,0,9,4,17,0,12,7,9,2,7,37
229,5358,22,7,M,M,5,0,4,3,6,6,24,0,0,0,0,0,2,6,0,0,6,9,23,3,0,0,0,0,1,4
230,6557,25,7,M,F,3,3,0,7,7,4,24,0,14,30,9,53,2,5,1,0,5,9,22,1,0,6,0,1,7,15
231,7434,26,10,M,F,8,3,4,8,7,3,33,0,17,15,6,38,2,5,7,3,10,10,37,8,12,6,8,3,7,44
232,7937,28,6,M,M,6,1,4,8,7.5,4,30.5,6,16,10,9,41,0,6,3,0,10,7,26,12,2,10,12,10,14,60
233,9265,24,10,M,M,8,4,4,8,8,7,39,7,17,28,9,61,10,7,10,10,10,7,54,12,13,10,4,13,10,62
234,9673,25,10,M,F,6,0,0,7,6,4,23,0,16,13,6,35,10,6,4,0,10,2,32,4,6,10,4,5,10,39
235,49,20,6,M,M,6,0,2,7,5,5,25,1,20,20,9,50,0,1,1,0,9,0,11,2,6,4,8,5,7,32
236,781,25,9,M,M,8,0,0,3,6,4,21,0,17,8,1,26,1,0,3,0,2,7,13,6,0,1,4,10,10,31
237,1956,24,10,M,F,7,0,0,5,1,0,13,0,9,15,2,26,0,0,0,0,7,8,15,12,0,0,1,0,7,20
238,2941,45,6,M,M,7,0,0,8,0,2,17,0,4,4,0,8,?,?,?,?,?,?,0,10,0,4,0,0,7,21
239,4183,24,10,M,M,8,0,4,3,7,3,25,10,8,10,0,28,8,2,7,0,2,6,25,6,6,3,10,0,9,34
240,4726,25,7,M,M,4,3,0,6,0,2,15,0,17,23,6,46,0,3,2,0,10,7,22,1,0,10,9,14,7,41
241,5444,25,8,M,M,7,4,4,8,6,6,35,0,17,21,3,41,0,5,3,0,4,10,22,12,12,10,5,14,3,56
242,6619,22,10,M,M,6,1,0,8,6,3,24,0,8,15,3,26,7,0,0,0,7,7,21,0,6,1,6,7,7,27
243,7467,21,10,M,F,6,3,2,8,8,7,34,0,14,16,0,30,0,1,0,0,10,6,17,0,0,3,3,10,7,23
244,8117,21,6,M,M,4,1,4,3,6,1,19,0,15,14,9,38,0,4,2,0,9,9,24,3,0,10,1,3,0,17
245,9276,25,9,M,M,8,0,0,4,6,5,23,10,20,31,7,68,0,5,1,0,10,5,21,12,6,10,9,14,14,65
246,9768,25,6,M,M,3,1,0,2,3,2,11,0,9,19,2,30,0,1,1,0,8,0,10,8,0,6,0,9,7,30
247,73,24,6,M,F,4,4,0,2,5,0,15,1,17,9,2,29,0,7,0,1,0,7,15,0,0,3,4,5,8,20
248,984,25,7,M,M,6,2,0,8,8,4,28,0,17,10,5,32,0,6,3,0,9,6,24,0,2,10,1,14,7,34
249,2085,24,10,M,F,6,4,4,0,1,2,17,6,12,12,8,38,0,3,3,0,8,0,14,6,0,0,0,0,7,13
250,3035,20,9,M,M,7,1,4,8,6,2,28,1,20,24,9,54,0,0,0,0,0,0,0,10,0,9,9,8,9,45
251,4223,25,6,M,M,8,2,4,8,5,7,34,1,14,11,3,29,3,7,3,0,10,5,28,12,12,9,3,0,10,46
252,4759,28,7,M,M,4,3,0,8,4,4,23,1,20,32,5,58,5,3,0,0,10,3,21,0,0,10,5,2,10,27
253,5488,20,10,M,M,7,4,4,6,5,5,31,1,9,9,0,19,5,4,0,0,0,0,9,0,0,6,4,8,7,25
254,6632,26,10,M,M,5,4,4,8,8,7,36,0,18,17,9,44,0,0,0,0,1,0,1,8,0,3,4,1,0,16
255,7491,21,9,M,M,6,1,0,7,5,7,26,0,11,12,0,23,0,3,0,0,5,0,8,4,0,4,2,3,7,20
256,8128,20,7,M,M,7,3,0,3,5,4,22,1,16,16,2,35,2,1,0,0,9,9,21,5,0,5,4,14,9,37
257,9287,25,9,M,M,7,4,4,8,5,8,36,6,20,29,7,62,10,10,4,10,10,10,54,12,12,10,12,9,14,69
258,9808,28,9,M,M,0,4,3,2,4,2,15,0,20,23,9,52,0,8,0,0,10,8,26,10,0,10,5,13,14,52
259,157,28,6,M,M,3,0,4,6,7,3,23,?,?,?,?,0,0,1,0,0,10,4,15,12,0,5,3,8,7,35
260,1118,20,8,M,F,5,3,0,6,5,6,25,2,14,6,9,31,0,3,6,0,10,2,21,5,0,5,1,14,10,35
261,2136,45,7,M,F,6,0,0,8,0,2,16,0,10,22,9,41,0,6,0,0,9,8,23,0,12,3,0,11,10,36
262,3216,25,7,M,M,5,2,4,5,0,6,22,0,6,7,4,17,0,0,0,5,0,0,5,5,0,5,1,4,7,22
263,4318,25,9,M,M,8,4,4,8,7,7,38,7,17,32,9,65,6,7,7,7,10,9,46,6,6,10,9,14,10,55
264,4878,20,8,M,M,8,3,4,3,6,6,30,10,16,28,9,63,8,3,3,2,0,7,23,12,0,10,5,9,10,46
265,5693,28,10,M,F,8,4,4,8,8,8,40,10,20,16,9,55,10,7,5,9,10,3,44,5,12,3,11,14,9,54
266,6749,25,10,M,M,6,1,0,8,8,4,27,1,17,32,4,54,0,0,0,0,0,0,0,0,5,6,1,0,7,19
267,7518,25,8,M,M,7,4,4,8,5,6,34,1,19,28,5,53,10,7,7,0,10,10,44,12,0,10,7,4,10,43
268,8247,26,7,M,M,2,0,0,3,0,4,9,9,20,21,6,56,5,3,3,0,0,9,20,3,0,10,4,10,10,37
269,9316,25,7,M,M,?,?,?,?,?,?,0,6,20,31,9,66,2,4,5,5,10,10,36,4,14,10,4,5,10,47
270,66,28,8,M,M,6,4,4,6,6,5,31,1,17,25,8,51,0,1,1,0,10,7,19,6,6,10,1,12,10,45
271,168,25,6,M,M,6,4,4,8,6,3,31,6,14,25,7,52,0,5,3,1,10,10,29,0,2,10,12,11,10,45
272,1131,20,10,M,M,6,4,4,3,7,7,31,0,14,23,0,37,3,7,0,0,10,9,29,0,0,0,0,4,10,14
273,2299,26,9,M,F,8,3,4,8,7,4,34,5,20,31,2,58,5,3,3,1,10,6,28,12,0,10,1,14,10,47
274,3392,20,8,M,M,8,0,4,6,0,4,22,0,18,29,9,56,0,0,6,4,0,9,19,8,12,4,0,2,8,34
275,4329,24,9,M,M,8,2,0,3,0,6,19,10,6,11,1,28,8,10,3,6,10,7,44,12,6,7,0,1,10,36
276,4891,28,10,M,M,8,1,4,6,6.5,7,32.5,10,17,30,9,66,9,4,3,5,10,0,31,12,8,10,12,6,10,58
277,5744,25,8,M,M,5,2,0,0,1,2,10,0,0,0,0,0,0,0,0,0,0,0,0,0,0,0,0,0,0,0
278,6773,25,8,M,M,8,2,0,8,8,6,32,0,14,16,9,39,10,9,9,0,10,9,47,10,6,10,4,8,8,46
279,7542,20,9,M,M,7,4,4,8,0,7,30,0,20,29,9,58,10,3,0,0,9,9,31,8,6,7,12,9,7,49
280,8269,26,6,M,M,7,4,0,6,5,2,24,0,19,23,3,45,0,4,0,0,10,6,20,0,0,10,9,7,10,36
281,9327,25,7,M,M,7,2,4,8,0,8,29,10,20,30,9,69,0,0,0,5,0,9,14,5,12,10,6,14,10,57
282,106,20,6,M,F,4,4,0,5,5,2,20,0,20,22,9,51,?,?,?,?,?,?,0,12,0,7,6,12,10,47
283,181,26,7,M,M,1,3,4,7,5.5,4,24.5,1,14,15,0,30,0,1,5,1,4,9,20,2,0,8,6,14,7,37
284,1153,22,7,M,M,0,0,4,0,0,2,6,0,17,19,9,45,1,4,1,0,9,5,20,1,0,3,5,10,8,27
285,2306,26,7,M,F,7,4,0,8,5,6,30,0,20,7,9,36,0,7,3,0,10,9,29,10,0,10,12,3,7,42
286,3635,20,8,M,M,0,0,4,0,1,0,5,1,12,14,0,27,?,?,?,?,?,?,0,?,?,?,?,?,?,0
287,4353,25,9,M,M,8,4,4,8,8,7,39,5,20,32,9,66,9,5,8,10,10,10,52,10,12,6,9,14,14,65
288,4931,20,7,M,M,7,3,4,8,6,8,36,8,17,30,5,60,?,?,?,?,?,?,0,12,0,8,8,12,10,50
289,5755,26,10,M,M,7,3,2,7,6,3,28,1,14,16,5,36,0,4,3,0,10,7,24,0,0,5,8,6,11,30
290,6892,25,6,M,F,8,3,4,8,8,2,33,0,17,23,9,49,0,3,6,0,9,8,26,7,6,10,5,10,10,48
291,7553,20,6,M,M,6,4,4,5,4,4,27,0,0,0,9,9,2,5,0,0,7,10,24,10,0,10,0,4,0,24
292,8271,28,8,M,M,7,4,4,8,6,8,37,0,12,22,9,43,4,9,5,2,0,5,25,12,12,4,1,11,10,50
293,9338,25,9,M,M,8,1,0,8,6,4,27,0,13,29,9,51,3,0,10,7,10,9,39,8,12,10,6,14,10,60
294,117,20,8,M,M,6,3,0,6,1,2,18,1,20,23,9,53,0,2,4,0,9,8,23,0,0,6,5,6,3,20
295,192,25,7,M,F,6,4,0,6,0,4,20,1,15,29,2,47,0,1,3,0,10,4,18,0,0,6,6,3,10,25
296,1323,24,6,M,M,?,?,?,?,?,?,0,0,19,21,9,49,10,6,1,5,8,0,30,5,5,4,0,11,7,32
297,2339,40,9,M,F,6,3,0,8,7,5,29,0,20,19,9,48,0,1,0,0,9,9,19,8,0,0,6,14,10,38
298,3862,28,8,M,M,2,4,4,2,0,0,12,0,20,5,4,29,0,5,3,4,9,5,26,12,12,5,10,12,10,61
299,4404,45,6,M,M,8,4,4,8,6,4,34,1,20,16,9,46,0,6,7,0,10,3,26,12,6,10,9,14,10,61
300,4942,25,8,M,M,8,4,4,8,8,7,39,10,17,32,11,70,?,?,?,?,?,?,0,10,13,10,6,14,10,63
301,6019,45,6,M,M,?,?,?,?,?,?,0,?,?,?,?,0,?,?,?,?,?,?,0,?,?,?,?,?,?,0
302,6932,26,10,M,M,6,4,4,3,1,3,21,0,10,12,9,31,2,5,1,10,7,5,30,2,0,7,1,2,7,19
303,7626,20,7,M,M,8,4,4,8,6,2,32,0,14,14,9,37,0,2,0,0,9,0,11,12,12,7,11,10,8,60
304,8355,25,10,M,M,1,1,0,8,0,2,12,0,11,21,1,33,0,2,3,0,4,5,14,2,0,3,4,5,7,21
305,9384,25,6,M,M,6,0,4,8,2,4,24,10,20,31,4,65,10,2,10,6,10,9,47,8,9,10,9,14,10,60
306,247,25,9,M,M,3,2,0,4,0,2,11,1,19,16,0,36,0,2,1,0,2,0,5,7,0,6,2,5,0,20
307,254,45,9,M,F,5,4,0,8,6,8,31,1,10,16,6,33,0,0,0,0,0,0,0,1,0,5,1,3,0,10
308,1391,25,6,M,M,8,4,4,8,8,8,40,10,16,30,9,65,10,9,8,7,10,10,54,12,12,10,12,14,14,74
309,2458,24,10,M,F,4,3,0,3,1,2,13,0,2,7,1,10,0,6,6,0,7,9,28,12,0,3,2,4,7,28
310,3935,45,6,M,M,5,4,3,0,0.5,3,15.5,0,14,27,0,41,0,3,0,0,1,0,4,0,0,5,0,2,7,14
311,4415,25,7,M,M,6,0,0,8,7,4,25,0,18,27,2,47,10,0,0,0,9,7,26,10,0,10,9,0,7,36
312,5003,25,10,M,M,8,4,4,8,7.5,8,39.5,10,20,32,4,66,10,9,6,0,10,9,44,12,12,10,12,14,10,70
313,6116,21,8,M,M,8,3,0,6,5,2,24,7,14,20,3,44,0,0,1,0,10,0,11,3,0,3,2,13,7,28
314,7191,26,8,M,F,4,3,0,4,1,5,17,0,15,14,1,30,7,1,0,0,0,7,15,12,0,3,0,2,7,24
315,7648,20,9,M,M,2,0,4,5,5,2,18,0,19,27,4,50,5,4,1,0,10,9,29,10,0,10,5,13,9,47
316,8439,21,10,M,M,6,1,0,8,6,2,23,1,19,27,9,56,0,4,1,0,10,5,20,0,0,7,3,2,7,19
317,9395,25,10,M,M,0,0,0,0,0,0,0,0,19,12,9,40,0,3,0,0,5,2,10,0,0,6,5,7,7,25
318,322,25,9,M,M,8,4,4,5,7,5,33,1,20,27,9,57,0,0,7,6,8,7,28,12,6,10,12,14,7,61
319,821,45,14,M,M,0,0,0,0,0,0,0,0,0,0,0,0,0,0,0,0,0,0,0,0,0,0,0,5,0,5
320,113,21,12,M,F,4,2,4,8,6,2,26,0,14,15,1,30,0,0,3,0,5,2,10,6,0,4,0,12,3,25
321,1407,28,14,M,M,8,4,4,8,6,8,38,1,20,19,9,49,0,10,6,0,10,7,33,8,6,6,6,11,10,47
322,2041,24,14,M,F,?,?,?,?,?,?,0,?,?,?,?,0,0,0,0,0,0,0,0,5,0,3,0,0,0,8
323,2696,28,11,M,F,6,3,4,8,7.5,4,32.5,1,17,25,9,52,?,?,?,?,?,?,0,10,0,5,1,9,10,35
324,4115,21,12,M,M,4,1,3,5,5,2,20,0,14,21,7,42,10,4,10,0,7,7,38,7,12,2,4,5,7,37
325,4812,20,15,M,M,2,4,0,7,0,2,15,1,8,26,2,37,6,4,0,0,8,9,27,10,12,2,6,5,10,45
326,5841,20,13,M,M,0,2,4,6,0,6,18,1,20,24,9,54,0,2,3,0,10,9,24,12,0,10,5,10,7,44
327,6621,28,13,M,M,8,4,4,8,6,6,36,10,20,27,9,66,10,5,1,5,1,6,28,5,6,10,8,13,10,52
328,7304,26,13,M,M,4,4,0,8,6,4,26,1,14,27,9,51,6,4,5,0,10,10,35,0,2,10,0,0,7,19
329,8503,27,13,M,M,7,4,0,4,7,2,24,0,10,12,2,24,0,5,2,0,8,6,21,0,12,5,1,0,10,28
330,9479,22,11,M,M,8,4,4,4,8,4,32,0,18,25,7,50,10,7,7,8,10,9,51,6,12,3,5,0,10,36
331,455,27,13,M,M,0,0,0,0,0,4,4,1,3,6,1,11,0,0,0,0,2,0,2,0,0,0,0,0,0,0
332,208,26,13,M,F,2,3,0,7,8,3,23,0,11,5,7,23,0,4,0,0,2,2,8,0,0,0,1,1,0,2
333,1431,28,11,M,M,6,4,4,1,0,6,21,10,19,32,12,73,10,10,4,0,10,9,43,4,2,10,11,13,10,50
334,2158,24,12,M,F,8,2,4,5,6,4,29,0,18,9,2,29,0,2,1,1,6,7,17,12,0,10,2,4,2,30
335,2703,40,12,M,F,6,4,4,8,8,6,36,10,20,32,10,72,?,?,?,?,?,?,0,12,12,10,6,14,10,64
336,4161,28,13,M,M,7,3,0,3,5,6,24,2,10,30,7,49,1,2,0,0,6,8,17,2,10,7,2,12,7,40
337,5047,27,15,M,M,5,3,0,4,6,8,26,0,14,6,9,29,0,4,0,1,7,10,22,5,0,9,4,7,7,32
338,5936,27,14,M,M,4,3,0,0,0,0,7,0,15,15,3,33,0,2,7,0,0,2,11,0,0,4,0,0,5,9
339,6643,20,13,M,M,7,4,0,8,6,6,31,0,19,17,9,45,5,1,5,0,9,4,24,0,8,3,2,3,1,17
340,7712,25,11,M,M,8,4,0,6,6,4,28,10,20,30,9,69,?,?,?,?,?,?,0,0,6,10,9,14,10,49
341,8547,25,14,M,M,?,?,?,?,?,?,0,?,?,?,?,0,?,?,?,?,?,?,0,?,?,?,?,?,?,0
342,9521,40,12,M,M,8,0,4,5,2,8,27,0,14,17,8,39,9,6,7,2,7,10,41,0,0,3,0,7,12,22
343,4949,22,15,M,M,0,0,4,5,0,0,9,?,?,?,?,0,?,?,?,?,?,?,0,?,?,?,?,?,?,0
344,446,28,15,M,M,4,1,4,5,8,0,22,0,17,32,9,58,5,3,7,0,0,9,24,10,0,10,4,1,7,32
345,1453,28,15,M,M,8,3,4,8,5,6,34,0,18,17,4,39,10,1,7,0,10,8,36,10,0,3,3,7,10,33
346,2374,25,15,M,F,3,0,0,8,0,0,11,0,15,21,9,45,0,4,4,0,10,0,18,0,12,10,6,14,2,44
347,2928,22,13,M,M,8,0,4,8,6,6,32,10,14,21,0,45,4,8,8,7,0,3,30,4,0,1,1,5,0,11
348,4212,40,14,M,M,8,0,4,5,6,8,31,10,16,24,4,54,10,8,6,6,10,10,50,10,5,10,6,13,10,54
349,5058,25,12,M,M,6,4,4,0,0,0,14,0,0,0,0,0,1,3,3,0,0,5,12,12,0,5,1,0,7,25
350,6076,28,11,M,M,6,1,0,4,7,6,24,1,20,2,6,29,0,7,5,0,7,6,25,10,0,7,4,10,10,41
351,6676,28,13,M,M,?,?,?,?,?,?,0,10,20,28,9,67,7,8,0,0,10,10,35,8,0,7,12,14,10,51
352,7734,25,11,M,M,?,?,?,?,?,?,0,10,20,38,9,77,5,5,8,4,10,10,42,12,8,10,12,13,14,69
353,8571,25,11,M,M,4,2,0,8,7,4,25,10,20,30,9,69,10,7,7,0,10,9,43,8,12,10,7,4,7,48
354,9532,28,11,M,M,?,?,?,?,?,?,0,0,20,9,9,38,0,4,2,0,8,0,14,3,0,8,3,8,7,29
355,5594,24,14,M,M,6,2,0,7,3,7,25,10,20,29,1,60,6,1,4,0,10,4,25,5,0,5,1,8,0,19
356,457,21,11,M,F,8,3,4,8,6,3,32,0,14,9,5,28,0,5,7,0,10,5,27,8,12,0,0,0,7,27
357,1486,20,13,M,M,8,4,4,8,8,8,40,1,20,32,10,63,5,10,7,7,10,0,39,12,0,10,7,14,10,53
358,2396,25,15,M,F,7,3,0,4,2,6,22,0,17,15,9,41,10,5,8,0,10,9,42,5,12,10,8,5,2,42
359,3132,40,13,M,M,1,4,4,4,6,4,23,1,20,28,9,58,7,3,1,0,3,8,22,10,0,6,6,8,10,40
360,4234,26,14,M,M,8,4,4,8,5.5,4,33.5,0,20,27,6,53,?,?,?,?,?,?,0,0,6,0,1,7,10,24
361,5111,26,15,M,M,8,1,2,8,6,2,27,7,8,2,0,17,10,8,8,0,9,1,36,1,5,10,12,11,7,46
362,6098,40,11,M,F,6,3,0,8,6,5,28,0,15,7,2,24,0,1,0,0,0,2,3,10,0,10,0,5,7,32
363,6705,25,14,M,M,8,4,4,8,7,8,39,6,20,25,4,55,0,9,1,8,10,5,33,5,0,10,0,14,10,39
364,7829,40,11,M,M,8,3,4,8,8,8,39,10,20,27,9,66,10,10,9,1,10,0,40,0,6,10,9,14,10,49
365,8655,26,15,M,M,4,4,0,2,1,5,16,0,12,23,9,44,0,1,0,6,10,8,25,3,0,1,6,4,10,24
366,9576,28,11,M,M,8,4,0,2,8,6,28,10,20,29,9,68,6,10,9,8,10,9,52,8,14,4,7,14,14,61
367,9358,24,13,M,M,8,4,0,8,0,0,20,0,17,11,1,29,0,2,3,0,9,3,17,0,6,0,2,5,0,13
368,605,20,14,M,F,4,4,0,3,0,4,15,0,0,0,0,0,0,1,0,0,0,2,3,?,?,?,?,?,?,0
369,1504,25,12,M,M,8,0,4,6,8,5,31,0,20,28,12,60,10,0,2,4,9,2,27,8,0,10,5,13,10,46
370,2414,24,11,M,F,4,0,0,1,0,0,5,1,12,4,5,22,2,4,3,0,9,7,25,0,0,2,5,6,7,20
371,3205,27,11,M,M,8,0,4,6,0.5,2,20.5,0,17,22,8,47,0,1,3,0,1,10,15,12,0,10,0,3,7,32
372,4267,40,12,M,M,8,4,4,8,6.5,6,36.5,6,20,24,7,57,0,3,0,0,0,0,3,12,6,10,10,13,10,61
373,5144,20,13,M,M,4,4,1,8,6,4,27,1,12,5,9,27,0,3,3,0,10,8,24,1,12,9,5,4,9,40
374,6127,26,14,M,M,6,2,4,1,6,4,23,1,14,24,9,48,5,3,1,0,0,7,16,8,0,10,6,4,10,38
375,6738,26,12,M,M,7,4,4,5,6,3,29,6,20,21,4,51,0,8,0,0,10,7,25,5,6,10,8,5,10,44
376,8044,45,14,M,F,8,2,0,8,7,4,29,6,16,20,9,51,5,5,2,9,9,9,39,10,0,9,5,10,2,36
377,8666,26,14,M,F,1,0,0,3,0,2,6,0,7,12,9,28,0,10,0,0,7,0,17,10,0,4,0,2,7,23
378,9865,28,11,M,M,8,4,0,7,6,3,28,1,11,8,1,21,0,4,0,0,0,7,11,10,12,7,3,3,3,38
379,9371,26,13,M,M,3,1,0,6,0,0,10,0,0,0,0,0,0,0,0,0,0,0,0,0,0,8,0,0,0,8
380,779,27,15,M,M,4,2,4,5,0,4,19,1,17,17,9,44,0,4,3,1,4,8,20,12,0,3,4,5,7,31
381,1526,28,15,M,M,6,4,0,8,8,6,32,10,20,29,9,68,?,?,?,?,?,?,0,12,6,4,12,7,10,51
382,2511,24,13,M,F,8,0,0,6,0,3,17,0,14,10,9,33,0,2,2,0,9,10,23,6,0,0,6,8,10,30
383,3273,45,15,M,M,8,0,4,6,2,2,22,0,14,11,0,25,9,1,6,0,0,10,26,2,0,6,7,4,10,29
384,4289,20,13,M,M,6,0,4,6,2,4,22,1,18,22,7,48,10,8,7,0,9,5,39,10,0,2,8,12,7,39
385,5166,20,15,M,M,8,4,0,2,8,3,25,0,12,10,6,28,0,3,0,0,1,1,5,10,0,7,0,0,7,24
386,6162,27,11,M,M,8,4,0,8,6.5,2,28.5,0,10,10,9,29,0,6,0,0,10,9,25,1,0,2,1,1,7,12
387,6762,40,15,M,M,8,3,0,7,6,3,27,0,8,9,5,22,0,5,2,0,8,4,19,6,0,8,10,0,7,31
388,8055,26,14,M,F,8,4,4,5,1,7,29,1,13,17,0,31,0,4,4,0,7,10,25,8,0,5,3,8,7,31
389,8728,40,11,M,M,8,4,0,7,6,4,29,0,17,20,2,39,6,4,3,0,9,9,31,2,2,9,4,7,11,35
390,9876,45,14,M,M,6,4,4,6,0,5,25,0,8,8,1,17,0,2,0,0,9,2,13,8,12,6,5,12,8,51
391,9455,22,13,M,M,?,?,?,?,?,?,0,0,4,9,0,13,5,1,3,0,0,2,11,?,?,?,?,?,?,0
392,792,28,12,M,M,8,4,0,5,8,8,33,0,18,21,9,48,5,2,4,0,10,9,30,8,0,9,5,12,10,44
393,1561,28,14,M,M,6,4,4,7,7,6,34,1,19,21,9,50,0,5,4,0,9,10,28,12,0,7,12,13,14,58
394,2533,40,12,M,F,8,3,0,4,5,2,22,0,18,29,2,49,?,?,?,?,?,?,0,5,0,10,9,2,10,36
395,3295,28,14,M,M,8,0,4,4,0,4,20,10,20,31,9,70,0,6,9,0,8,9,32,8,11,10,4,14,10,57
396,4291,26,13,M,M,4,0,2,2,0,3,11,0,13,7,6,26,5,4,0,0,0,6,15,2,0,4,0,1,7,14
397,5517,40,15,M,M,8,4,4,8,6,5,35,0,19,12,9,40,0,3,1,0,0,7,11,0,0,6,9,9,7,31
398,6173,40,14,M,M,8,4,4,4,7,4,31,10,19,29,9,67,10,9,9,6,10,10,54,0,3,6,0,13,10,32
399,6921,27,11,M,M,6,2,3,2,0,1,14,0,10,25,4,39,0,3,1,0,10,6,20,12,0,5,3,2,7,29
400,8309,26,11,M,F,4,2,4,2,4.5,4,20.5,0,13,5,3,21,0,4,1,0,7,4,16,10,0,6,2,9,4,31
401,8814,40,12,M,M,8,4,0,8,8,7,35,10,19,30,3,62,?,?,?,?,?,?,0,0,0,10,4,11,0,25
402,9951,28,14,M,M,8,4,0,4,6,4,26,0,12,24,3,39,4,5,3,2,10,8,32,3,0,10,2,10,10,35
403,1047,49,12,M,F,6,4,4,6,6,4,30,1,16,21,9,47,0,3,4,0,10,5,22,12,8,10,12,4,14,60
404,808,40,15,M,M,8,0,4,8,6,8,34,0,18,13,1,32,5,4,3,0,0,5,17,12,6,0,8,0,5,31
405,1612,45,12,M,M,4,1,0,2,0,0,7,0,7,15,4,26,4,6,0,0,0,6,16,3,0,6,1,2,7,19
406,2544,28,14,M,F,8,4,4,8,6,6,36,0,18,21,0,39,10,10,7,6,10,7,50,1,7,7,6,14,12,47
407,3379,28,14,M,M,8,4,4,5,0,6,27,1,19,20,9,49,10,7,1,0,9,9,36,0,12,9,4,5,10,40
408,4397,25,13,M,M,8,4,4,8,8,7,39,10,18,30,9,67,10,8,7,1,10,10,46,12,12,10,12,14,14,74
409,5671,40,15,M,F,8,2,0,8,1,0,19,0,10,12,0,22,10,9,5,0,0,7,31,0,0,5,0,10,0,15
410,6224,26,11,M,M,7,0,2,8,6,0,23,1,19,11,2,33,0,5,0,0,0,0,5,6,0,10,1,1,0,18
411,6965,25,14,M,M,8,0,0,8,6,8,30,1,16,25,3,45,0,1,9,0,9,9,28,5,0,10,9,14,10,48
412,8344,20,12,M,M,5,3,2,8,5,5,28,1,13,20,2,36,0,4,0,4,9,5,22,0,0,2,4,0,7,13
413,8825,24,12,M,M,7,4,4,7,8,8,38,6,15,29,9,59,10,10,7,0,10,9,46,12,13,5,12,10,14,66
414,22,28,14,M,M,5,0,0,8,0,1,14,0,15,15,3,33,1,3,5,0,9,10,28,0,0,5,6,6,10,27
415,1067,49,13,M,F,0,0,4,0,0,0,4,1,0,0,0,1,1,0,0,0,0,0,1,0,0,0,0,0,0,0
416,951,22,13,M,M,3,0,0,6,0,4,13,0,14,4,4,22,0,4,0,0,10,1,15,0,0,0,3,2,8,13
417,1848,25,11,M,M,6,2,0,4,6,4,22,0,17,24,9,50,0,1,4,0,10,4,19,12,0,10,5,13,10,50
418,2599,40,12,M,F,6,2,0,0,0,5,13,5,17,23,9,54,5,4,0,0,10,9,28,8,0,6,0,13,10,37
419,3498,27,14,M,M,7,4,4,6,2,4,27,0,6,17,8,31,0,1,0,0,2,3,6,12,0,3,2,8,8,33
420,4483,25,13,M,M,8,4,0,8,4.5,8,32.5,10,17,32,5,64,3,5,10,7,10,9,44,5,12,10,12,14,10,63
421,5711,45,14,M,F,2,1,4,8,5,5,25,1,20,29,9,59,0,1,0,0,9,0,10,3,0,6,0,10,3,22
422,6343,40,11,M,F,8,2,4,6,6,2,28,1,14,31,3,49,0,1,0,0,10,9,20,0,0,0,4,8,10,22
423,6998,25,12,M,M,5,2,0,6,0,7,20,6,19,24,4,53,0,6,7,0,8,10,31,12,0,10,12,12,12,58
424,8377,24,13,M,F,8,1,0,4,2,3,18,1,19,17,3,40,5,4,0,0,8,5,22,4,0,4,6,0,7,21
425,8836,45,12,M,M,2,4,0,2,0.5,4,12.5,0,16,8,0,24,0,1,6,0,10,0,17,2,0,0,0,3,7,12
426,99,21,12,M,F,3,4,0,6,5,8,26,2,8,22,8,40,?,?,?,?,?,?,0,4,0,7,1,9,7,28
427,27,26,15,M,M,4,4,4,6,0.5,3,21.5,1,14,29,2,46,5,7,3,0,7,10,32,10,0,10,1,9,7,37
428,1091,20,11,M,F,8,4,4,8,6,8,38,0,17,20,9,46,0,0,0,5,9,7,21,8,12,10,6,7,7,50
429,1912,24,13,M,F,7,2,3,8,0,7,27,0,11,8,2,21,?,?,?,?,?,?,0,12,0,4,0,0,0,16
430,2628,28,11,M,F,5,2,4,7,8,7,33,0,16,9,9,34,3,4,3,1,10,9,30,12,0,10,1,6,10,39
431,3732,24,15,M,M,4,0,3,2,0,6,15,0,8,25,1,34,0,4,0,1,9,7,21,10,0,9,3,1,10,33
432,4545,25,15,M,M,8,4,4,8,5,8,37,10,20,30,9,69,5,7,10,7,10,10,49,10,12,10,12,5,10,59
433,5722,21,13,M,F,4,3,0,6,8,5,26,0,20,21,5,46,?,?,?,?,?,?,0,8,0,2,9,14,4,37
434,6354,40,15,M,F,7,2,2,8,6,4,29,1,14,20,9,44,0,5,3,0,9,10,27,6,6,8,4,8,10,42
435,7218,40,12,M,M,7,4,4,8,6,5,34,0,19,9,9,37,10,10,2,0,10,9,41,5,0,10,6,12,10,43
436,8406,20,13,M,M,8,4,4,8,6,8,38,1,14,23,9,47,10,1,8,0,10,10,39,12,8,9,6,14,10,59
437,8847,45,11,M,M,3,4,0,1,2,4,14,0,2,0,0,2,0,0,6,0,0,4,10,0,0,6,0,1,7,14
438,196,24,12,M,F,5,0,0,5,0,4,14,0,5,13,1,19,0,1,4,0,10,0,15,0,0,8,0,7,8,23
439,38,40,15,M,M,8,2,4,4,4,7,29,0,12,13,9,34,5,2,0,1,9,7,24,12,0,0,12,7,10,41
440,1107,26,11,M,F,7,3,0,6,0,5,21,0,4,11,9,24,0,6,1,0,8,9,24,2,2,0,0,2,7,13
441,2006,27,15,M,F,5,0,0,8,6,7,26,0,14,8,5,27,2,1,0,0,0,7,10,10,0,8,2,3,7,30
442,2641,28,11,M,F,8,0,4,8,6,5,31,0,14,4,2,20,5,7,5,0,8,10,35,5,12,10,12,14,2,55
443,3816,27,15,M,M,8,4,2,8,6,2,30,0,13,25,9,47,9,2,1,3,9,5,29,0,6,10,12,9,10,47
444,4686,25,14,M,M,8,4,4,8,7,8,39,10,20,32,9,71,10,7,4,8,10,10,49,10,12,10,12,14,10,68
445,5777,24,13,M,M,6,2,0,2,5,4,19,0,14,12,0,26,0,1,3,0,10,0,14,0,8,3,2,12,10,35
446,6405,26,15,M,M,6,4,4,7,5,4,30,0,20,21,9,50,0,1,1,0,10,8,20,0,12,6,2,3,7,30
447,7275,26,15,M,F,6,4,0,8,5,6,29,0,19,15,9,43,?,?,?,?,?,?,0,0,0,10,3,14,8,35
448,8417,27,12,M,M,7,1,0,5,6,3,22,1,19,15,7,42,4,1,7,0,10,6,28,8,0,7,0,1,7,23
449,9349,25,12,M,M,8,3,0,8,2,4,25,0,15,21,4,40,0,8,2,7,10,9,36,1,4,10,10,13,14,52
450,399,40,14,M,M,4,0,0,3,1,6,14,1,6,10,9,26,9,6,0,0,0,9,24,8,0,10,6,0,7,31
451,95,25,13,M,M,6,4,4,7,8,4,33,1,20,15,9,45,0,0,0,0,0,0,0,10,12,4,12,8,10,56
452,1175,25,15,M,M,8,4,0,8,6,6,32,3,12,29,9,53,0,7,1,7,9,9,33,12,2,7,6,13,10,50
453,2017,27,15,M,F,3,0,0,6,0,4,13,1,17,24,9,51,10,1,0,1,9,7,28,10,0,7,2,0,10,29
454,2652,45,15,M,F,5,4,0,4,0,0,13,0,14,10,5,29,0,3,0,0,9,1,13,0,0,3,2,1,7,13
455,4053,40,12,M,M,0,2,0,0,0,4,6,1,18,10,8,37,2,0,2,4,0,8,16,8,12,7,4,0,0,31
456,4715,20,13,M,M,7,0,2,5,6,5,25,1,20,17,3,41,?,?,?,?,?,?,0,0,6,3,3,1,7,20
457,5828,28,14,M,M,6,4,2,0,0,2,14,0,12,15,1,28,5,5,4,6,7,4,31,12,6,10,6,5,1,40
458,6524,21,11,M,M,7,2,4,8,7,7,35,0,17,23,9,49,1,9,5,0,10,10,35,0,6,10,6,6,10,38
459,7297,25,11,M,M,6,0,0,8,6,6,26,1,19,31,4,55,0,5,3,10,9,9,36,5,6,10,5,14,10,50
460,8496,25,12,M,M,6,2,0,5,1,1,15,0,18,14,1,33,0,3,2,0,7,6,18,0,0,6,4,0,1,11
461,9362,28,15,M,M,6,1,0,5,3,6,21,0,8,18,3,29,8,0,5,0,10,0,23,8,9,7,6,11,10,51
462,525,22,14,M,M,8,0,0,0,0,4,12,0,19,10,9,38,?,?,?,?,?,?,0,?,?,?,?,?,?,0
463,8358,22,19,S,F,2,3,0,4,0,4,13,0,7,7,0,14,0,0,2,0,0,0,2,0,0,0,1,4,7,12
464,232,26,19,S,M,0,0,0,0,0,0,0,0,4,1,0,5,4,0,0,2,10,2,18,3,0,0,0,0,0,3
465,649,25,16,S,F,4,4,4,8,8,6,34,0,20,22,0,42,0,3,7,0,2,10,22,10,0,9,6,11,10,46
466,1378,28,19,S,M,8,2,4,6,7,6,33,10,19,32,9,70,6,7,3,0,10,10,36,3,5,10,1,14,10,43
467,2193,21,18,S,F,7,4,4,8,8,7,38,0,20,23,5,48,10,7,0,0,10,5,32,10,4,10,6,1,10,41
468,2771,24,20,S,F,2,0,1,8,0,4,15,0,9,2,3,14,0,0,0,3,0,1,4,8,0,5,0,2,7,22
469,3443,25,17,S,M,8,4,2,8,6,6,34,10,20,30,3,63,8,9,7,3,10,8,45,12,8,10,12,14,10,66
470,3884,26,17,S,M,2,2,0,3,6,6,19,2,20,18,9,49,0,9,3,0,9,10,31,0,0,10,2,13,3,28
471,4448,25,18,S,M,8,0,4,8,0.5,8,28.5,10,20,29,9,68,?,?,?,?,?,?,0,0,0,10,0,13,12,35
472,4953,45,18,S,M,8,4,0,8,6.5,5,31.5,8,20,32,6,66,?,?,?,?,?,?,0,0,6,10,9,13,11,49
473,5625,25,19,S,M,8,2,2,8,6,7,33,1,18,22,9,50,?,?,?,?,?,?,0,0,8,10,12,14,11,55
474,7026,25,19,S,F,5,3,4,5,6,6,29,0,19,27,5,51,0,6,0,0,10,10,26,12,12,10,9,14,10,67
475,8203,25,18,S,F,8,4,0,8,5,7,32,1,19,28,9,57,2,5,9,0,10,10,36,4,0,9,6,7,10,36
476,9254,25,17,S,M,8,2,0,8,7.5,2,27.5,10,17,32,9,68,8,10,6,10,2,7,43,12,12,6,7,9,14,60
477,88,25,17,S,F,6,0,0,8,1,6,21,2,16,18,9,45,0,2,3,0,9,8,22,5,0,8,3,12,9,37
478,2445,26,18,S,M,0,4,4,0,0,0,8,0,9,0,8,17,4,0,0,0,0,0,4,0,0,0,0,0,0,0
479,265,25,16,S,M,5,4,0,8,0,4,21,1,19,21,3,44,3,2,3,0,8,4,20,0,0,0,4,14,7,25
480,651,25,18,S,F,8,4,0,8,1,7,28,7,20,29,9,65,0,6,7,0,10,9,32,10,11,10,12,12,14,69
481,1583,25,18,S,M,8,4,4,8,7,8,39,10,20,30,9,69,5,1,5,0,10,7,28,8,6,10,6,14,10,54
482,2244,45,16,S,F,0,0,0,5,0,1,6,1,20,12,9,42,0,2,3,0,5,0,10,0,4,4,4,4,7,23
483,2877,26,17,S,F,8,4,4,8,5,7,36,10,20,33,9,72,?,?,?,?,?,?,0,0,9,4,9,9,9,40
484,3538,25,18,S,M,8,4,4,8,8,5,37,10,20,32,12,74,?,?,?,?,?,?,0,12,12,10,12,14,14,74
485,3902,25,16,S,M,?,?,?,?,?,?,0,10,19,19,9,57,9,10,3,0,2,4,28,0,12,10,12,7,10,51
486,4459,25,17,S,M,8,3,0,6,3,7,27,4,20,32,9,65,10,1,5,2,10,8,36,10,0,10,0,11,10,41
487,4964,25,17,S,M,8,4,4,8,6,8,38,10,20,34,6,70,0,0,7,7,10,7,31,12,14,10,8,14,10,68
488,5863,28,17,S,M,7,3,0,8,0,6,24,0,16,35,9,60,?,?,?,?,?,?,0,1,0,8,1,0,7,17
489,7072,20,16,S,M,8,4,4,8,8,7,39,5,19,25,9,58,0,4,4,0,8,10,26,12,12,10,12,11,14,71
490,8214,26,16,S,M,8,2,0,8,5.5,4,27.5,1,14,30,6,51,0,5,3,0,10,9,27,8,12,9,6,10,7,52
491,9298,25,17,S,M,6,0,0,8,5,5,24,1,19,22,1,43,0,0,0,0,0,0,0,12,0,5,4,9,10,40
492,174,25,17,S,M,2,3,0,6,0,4,15,1,20,13,11,45,0,3,3,7,0,9,22,10,0,10,6,14,7,47
493,3547,22,17,S,M,0,0,3,8,0,0,11,?,?,?,?,0,?,?,?,?,?,?,0,?,?,?,?,?,?,0
494,298,25,16,S,M,1,2,4,7,6,3,23,8,14,23,9,54,9,8,8,7,10,10,52,3,6,10,10,0,10,39
495,684,21,19,S,M,6,2,2,8,6.5,4,28.5,2,14,27,9,52,0,0,10,5,10,10,35,12,0,10,12,14,10,58
496,1645,22,16,S,F,8,0,4,3,0,2,17,0,17,12,0,29,0,5,1,0,0,0,6,1,0,10,1,1,7,20
497,2341,26,18,S,F,8,4,0,8,6,7,33,0,19,19,0,38,8,2,0,0,10,8,28,10,0,0,1,11,7,29
498,2899,26,18,S,F,3,4,4,6,7,4,28,0,13,22,9,44,6,2,1,0,8,9,26,8,0,7,4,2,7,28
499,3562,27,17,S,M,5,2,0,6,1,5,19,0,19,17,1,37,0,5,3,0,0,0,8,3,0,8,4,4,7,26
500,3913,22,20,S,M,2,3,0,6,1,4,16,6,13,15,3,37,0,8,3,0,8,0,19,10,5,5,1,11,14,46
501,4512,25,17,S,M,8,2,4,8,6,6,34,2,20,35,9,66,0,5,0,1,0,0,6,10,2,7,6,7,10,42
502,4986,25,19,S,M,?,?,?,?,?,?,0,10,9,38,9,66,5,8,7,0,10,10,40,10,14,10,12,14,10,70
503,5896,22,16,S,F,6,4,0,6,0,0,16,1,14,20,0,35,0,1,0,0,8,4,13,0,6,6,1,7,7,27
504,7094,28,18,S,M,8,2,0,8,5,7,30,6,19,25,5,55,0,0,10,7,10,7,34,12,12,10,0,12,10,56
505,8225,20,16,S,M,8,3,2,8,6,5,32,10,13,19,9,51,3,10,0,5,0,5,23,6,5,10,1,8,9,39
506,9413,25,20,S,M,8,4,4,8,2,6,32,10,17,17,3,47,4,5,6,0,8,3,26,12,12,10,9,12,10,65
507,333,45,16,S,F,5,0,0,0,0,2,7,0,8,3,3,14,0,3,0,0,9,2,14,2,0,1,0,0,3,6
508,5012,22,16,S,M,7,4,0,8,5,8,32,1,10,30,6,47,5,3,3,0,10,7,28,10,6,10,12,13,10,61
509,338,25,18,S,F,6,4,4,8,2,6,30,0,18,16,9,43,?,?,?,?,?,?,0,0,0,7,4,10,7,28
510,819,26,20,S,M,8,4,4,8,7,8,39,1,19,34,9,63,3,5,7,0,2,9,26,10,10,10,4,9,7,50
511,1667,26,17,S,M,3,3,4,8,8,8,34,7,8,6,5,26,2,7,5,0,10,0,24,6,0,6,2,3,7,24
512,2385,26,18,S,F,8,4,3,7,6,7,35,0,17,24,9,50,7,8,3,0,10,7,35,10,6,10,1,14,7,48
513,2985,20,17,S,M,8,2,0,3,2,0,15,0,19,8,0,27,2,8,2,0,10,2,24,3,12,10,4,11,10,50
514,3595,25,20,S,M,6,4,4,6,2,4,26,0,14,15,3,32,0,6,0,0,8,10,24,3,6,0,4,9,7,29
515,3957,28,20,S,M,4,3,0,7,0,5,19,0,0,8,0,8,0,5,1,0,0,0,6,10,0,8,3,7,0,28
516,4523,21,17,S,M,6,0,0,2,0,2,10,1,10,4,9,24,0,8,0,0,10,7,25,0,0,8,2,3,9,22
517,5014,25,20,S,M,8,4,4,8,8,8,40,10,20,34,12,76,?,?,?,?,?,?,0,12,16,8,0,14,14,64
518,6054,21,19,S,M,4,4,4,3,6,2,23,1,20,25,8,54,3,0,1,0,7,2,13,12,0,10,8,7,7,44
519,7229,26,18,S,F,5,4,4,8,6,3,30,1,14,28,9,52,0,0,0,0,0,8,8,0,8,4,2,11,8,33
520,8236,45,17,S,M,?,?,?,?,?,?,0,0,20,10,9,39,3,3,0,0,9,9,24,0,0,10,0,1,7,18
521,9468,25,18,S,M,?,?,?,?,?,?,0,10,20,30,11,71,10,10,4,0,10,9,43,12,13,10,12,12,14,73
522,366,28,19,S,M,3,0,3,2,0.5,3,11.5,0,20,10,0,30,0,5,0,0,0,9,14,0,0,8,0,0,7,15
523,5429,25,16,S,M,6,4,4,8,4,3,29,1,18,29,9,57,?,?,?,?,?,?,0,0,12,4,12,10,7,45
524,351,26,19,S,M,8,2,4,8,0,3,25,0,19,23,9,51,0,0,3,0,10,2,15,10,0,3,0,3,7,23
525,843,21,20,S,M,7,2,0,6,0,0,15,1,14,7,4,26,2,4,1,0,0,9,16,0,0,10,4,11,7,32
526,1678,26,20,S,M,8,2,0,8,6,7,31,0,14,7,9,30,0,1,0,0,9,8,18,0,0,3,0,3,7,13
527,2482,24,16,S,F,6,4,2,6,5,3,26,0,20,30,5,55,8,1,3,6,10,10,38,5,10,5,1,5,10,36
528,3057,26,19,S,M,6,2,0,0,1,4,13,0,18,14,9,41,0,0,0,0,8,7,15,0,5,8,0,1,7,21
529,3602,24,20,S,M,3,4,4,8,8,6,33,8,20,24,3,55,?,?,?,?,?,?,0,12,12,5,0,10,10,49
530,4042,28,19,S,M,8,2,4,8,5,4,31,1,14,23,6,44,2,8,7,0,10,8,35,10,6,10,6,6,10,48
531,4591,24,18,S,M,8,3,4,8,5,6,34,10,17,28,8,63,2,3,3,0,9,7,24,10,10,3,9,7,10,49
532,5071,24,19,S,M,6,2,2,6,3,6,25,2,19,22,4,47,2,2,3,0,10,10,27,12,0,3,6,14,7,42
533,6087,25,16,S,M,8,4,4,8,8,8,40,2,20,29,9,60,0,0,0,0,0,0,0,11,8,10,12,14,10,65
534,7231,25,18,S,M,6,4,4,8,5,3,30,2,19,23,9,53,5,6,0,0,7,10,28,11,6,10,9,12,10,58
535,8258,26,18,S,M,1,0,2,6,6,1,16,0,16,10,9,35,0,6,6,2,10,7,31,10,0,10,1,0,0,21
536,9519,25,16,S,M,8,2,4,8,7,8,37,1,14,30,9,54,10,8,0,2,9,9,38,12,6,10,12,11,10,61
537,439,22,18,S,M,8,2,0,8,0,6,24,0,14,14,0,28,0,5,0,3,10,8,26,11,14,5,0,0,0,30
538,5775,26,17,S,M,?,?,?,?,?,?,0,0,0,0,0,0,?,?,?,?,?,?,0,0,0,0,0,0,0,0
539,373,25,20,S,M,8,4,4,3,6,6,31,1,13,27,9,50,5,1,3,0,0,9,18,0,12,3,5,8,7,35
540,995,25,17,S,M,3,3,4,8,8,8,34,?,?,?,?,0,0,5,1,0,0,2,8,0,0,5,7,4,7,23
541,1689,21,19,S,M,7,4,4,8,7.5,4.5,35,1,20,8,9,38,0,10,3,0,10,8,31,3,0,2,3,2,10,20
542,2493,45,16,S,F,8,3,4,8,8,8,39,10,20,30,9,69,?,?,?,?,?,?,0,10,6,0,9,13,10,48
543,3068,25,20,S,M,6,2,4,8,7.5,5,32.5,4,19,24,9,56,0,0,3,0,10,5,18,0,2,9,6,11,5,33
544,3613,25,17,S,M,8,0,4,8,0,8,28,0,20,27,9,56,5,5,3,0,0,8,21,12,2,10,0,14,11,49
545,4064,26,20,S,M,5,2,0,8,6,4,25,1,18,29,4,52,0,2,0,2,9,9,22,0,0,7,0,7,7,21
546,4607,25,20,S,M,8,4,4,8,7.5,8,39.5,10,20,27,9,66,10,10,9,8,10,9,56,5,12,10,12,14,11,64
547,5177,25,20,S,M,8,4,4,8,7,8,39,10,20,38,9,77,5,0,10,8,10,9,42,12,11,10,10,14,11,68
548,6257,22,18,S,F,7,0,1,8,7,0,23,0,14,1,9,24,2,0,3,0,10,5,20,8,0,10,6,3,3,30
549,7489,25,17,S,F,8,2,2,8,6,6,32,8,16,38,9,71,?,?,?,?,?,?,0,0,12,10,12,14,10,58
550,8611,40,19,S,M,8,4,0,8,6,8,34,7,19,24,3,53,0,2,0,0,0,0,2,0,0,10,12,6,7,35
551,9651,22,16,S,M,?,?,?,?,?,?,0,0,20,29,11,60,10,9,7,7,10,0,43,5,0,0,0,13,14,32
552,452,45,19,S,M,6,0,0,3,5,2,16,1,12,5,8,26,1,3,5,1,10,9,29,8,0,10,2,10,7,37
553,9477,22,18,S,M,?,?,?,?,?,?,0,0,1,0,0,1,?,?,?,?,?,?,0,1,12,4,0,0,4,21
554,468,26,18,S,F,2,4,2,7,7,2,24,1,8,24,0,33,2,3,0,3,8,0,16,6,0,3,0,0,7,16
555,1001,26,17,S,M,5,4,4,7,6,7,33,0,20,25,0,45,0,2,0,0,0,0,2,3,0,2,4,8,10,27
556,1718,20,19,S,M,8,4,4,8,6,7,37,?,?,?,?,0,8,6,0,0,0,3,17,4,0,9,0,1,2,16
557,2522,40,17,S,F,6,0,0,6,6,5,23,0,18,19,9,46,?,?,?,?,?,?,0,7,0,7,5,2,7,28
558,3108,25,16,S,M,8,4,4,8,6,6,36,0,20,8,9,37,0,3,3,0,0,0,6,10,6,10,9,2,10,47
559,3624,25,16,S,M,7,2,3,8,8,6,34,2,17,23,8,50,8,2,3,0,10,6,29,12,0,5,1,4,7,29
560,4201,22,20,S,M,8,4,4,5,6,8,35,2,19,18,9,48,10,10,0,0,10,0,30,12,13,7,8,11,9,60
561,4783,45,18,S,M,8,3,0,7,5,7,30,0,13,20,9,42,0,4,3,0,0,0,7,12,0,4,0,11,2,29
562,5239,45,17,S,M,5,2,0,5,0,5,17,0,16,2,9,27,0,0,3,0,0,0,3,12,4,9,0,0,0,25
563,6449,28,19,S,M,6,2,4,8,8,7,35,0,20,22,4,46,10,0,7,0,10,0,27,1,4,0,7,6,11,29
564,7604,26,20,S,M,2,4,4,7,5.5,7,29.5,10,19,15,6,50,7,3,9,0,9,3,31,1,0,9,1,11,10,32
565,8677,25,18,S,M,8,4,2,3,2,4,23,2,11,22,3,38,0,3,3,0,9,4,19,5,0,5,6,12,10,38
566,9684,22,16,S,M,8,2,4,8,7,7,36,10,19,31,8,68,10,10,10,10,10,10,60,8,12,10,13,12,7,62
567,474,25,16,S,M,7,2,0,8,0,2,19,1,19,25,8,53,2,9,1,0,0,2,14,10,0,10,6,5,7,38
568,126,24,16,S,M,8,4,4,8,8,8,40,?,?,?,?,0,10,2,5,0,5,0,22,11,6,5,0,0,10,32
569,508,21,16,S,F,6,4,2,8,4,4,28,1,11,24,3,39,0,0,0,0,0,4,4,0,0,3,0,5,7,15
570,1056,25,16,S,M,5,1,4,6,6,6,28,7,19,23,1,50,0,5,0,0,7,2,14,10,0,0,1,8,9,28
571,1753,25,18,S,M,5,3,2,8,5,6,29,0,20,20,4,44,?,?,?,?,?,?,0,10,0,10,4,11,7,42
572,2588,40,18,S,F,2,4,4,2,1,4,17,1,19,16,9,45,0,6,0,0,9,0,15,8,12,2,0,4,10,36
573,3238,24,16,S,M,4,3,0,2,0,0,9,0,6,5,0,11,0,1,0,0,10,7,18,5,0,3,2,0,3,13
574,3646,25,20,S,M,8,3,0,8,8,8,35,7,16,22,9,54,2,7,7,0,10,10,36,8,12,1,12,14,10,57
575,4256,24,16,S,M,2,2,4,5,0,3,16,0,19,13,3,35,?,?,?,?,?,?,0,0,0,2,6,5,7,20
576,4794,26,20,S,M,2,4,0,8,6,4,24,5,17,20,3,45,0,5,5,0,10,7,27,11,0,5,6,6,7,35
577,5296,25,19,S,M,?,?,?,?,?,?,0,10,8,4,9,31,0,5,0,0,8,3,16,10,12,10,0,1,7,40
578,6579,27,20,S,F,6,0,0,4,8,4,22,0,19,13,9,41,0,3,0,4,8,9,24,0,0,3,0,2,7,12
579,7959,26,19,S,M,4,4,4,8,6,8,34,10,20,24,9,63,0,0,0,0,0,0,0,5,0,10,4,7,10,36
580,8699,26,19,S,M,8,4,0,8,7,4,31,10,20,36,9,75,?,?,?,?,?,?,0,2,4,10,7,14,8,45
581,9735,25,20,S,M,7,0,1,0,0,5,13,0,20,9,3,32,0,6,3,0,10,9,28,12,0,10,9,10,7,48
582,783,28,20,S,M,0,2,2,0,0,2,6,0,0,0,0,0,0,0,0,0,0,0,0,0,0,0,0,0,0,0
583,565,40,19,S,M,8,0,0,5,0,3,16,10,13,19,9,51,0,0,3,0,0,0,3,0,10,10,5,4,10,39
584,1089,25,18,S,M,6,4,0,5,6,4,25,10,20,32,9,71,10,6,4,1,10,10,41,10,12,10,9,14,10,65
585,1764,25,16,S,M,5,3,0,8,5,3,24,0,16,27,0,43,?,?,?,?,?,?,0,10,4,0,5,14,2,35
586,2639,25,18,S,F,6,4,4,5,6,5,30,2,17,32,3,54,8,0,0,0,10,8,26,8,12,5,3,13,10,51
587,3251,27,20,S,M,4,0,0,6,6,2,18,0,13,8,0,21,2,0,0,1,10,8,21,10,6,0,0,2,7,25
588,3681,25,18,S,M,7,2,4,7,8,6,34,3,19,29,3,54,9,8,9,0,10,8,44,12,3,10,8,13,10,56
589,4307,25,20,S,M,8,4,4,8,5,8,37,10,20,9,9,48,7,7,0,0,10,1,25,1,12,7,10,9,10,49
590,4801,45,17,S,M,7,2,0,4,3,5,21,0,16,31,9,56,?,?,?,?,?,?,0,4,0,10,4,0,7,25
591,5382,24,16,S,F,4,4,4,8,5,7,32,0,19,10,7,36,1,1,0,0,10,4,16,2,6,7,9,12,11,47
592,6608,26,19,S,M,5,2,0,6,5,2,20,0,17,24,2,43,0,1,3,0,10,4,18,10,0,9,0,3,7,29
593,8088,26,20,S,F,7,2,0,8,6,4,27,0,18,23,3,44,0,1,0,6,7,8,22,4,0,6,4,6,7,27
594,8774,25,18,S,F,8,4,2,8,5,4,31,1,13,15,0,29,0,1,0,0,10,10,21,4,0,0,4,9,7,24
595,9779,28,17,S,M,8,2,0,8,6,6,30,10,20,31,9,70,2,1,1,0,9,10,23,12,10,10,9,14,14,69
596,794,25,17,S,M,?,?,?,?,?,?,0,0,0,0,0,0,0,0,0,0,2,0,2,0,0,10,0,0,0,10
597,598,25,16,S,F,6,1,4,8,6,7,32,5,19,14,12,50,0,7,7,0,10,6,30,10,14,6,4,10,7,51
598,1215,25,19,S,F,7,4,0,5,1,2,19,0,18,5,0,23,0,0,1,0,10,0,11,10,0,10,0,0,7,27
599,1978,25,19,S,F,8,4,4,8,4.5,6,34.5,10,20,30,9,69,?,?,?,?,?,?,0,10,12,10,9,8,7,56
600,2674,40,17,S,F,8,0,4,8,5,1,26,0,19,19,9,47,0,5,0,0,8,9,22,10,0,10,0,12,7,39
601,3324,25,17,S,M,6,4,0,8,7,4,29,0,20,17,9,46,0,0,0,0,10,9,19,12,12,10,9,13,7,63
602,3721,22,18,S,M,4,4,2,8,6,7,31,1,20,31,0,52,0,1,1,0,9,7,18,12,0,0,1,13,10,36
603,4331,45,18,S,M,8,4,0,8,0,2,22,10,20,30,9,69,10,5,10,7,10,6,48,5,12,0,4,6,0,27
604,4856,40,18,S,M,8,2,4,8,6,4,32,1,20,16,9,46,0,0,1,0,10,8,19,3,12,3,6,9,3,36
605,5393,25,19,S,M,7,3,0,7,8,3,28,1,19,32,10,62,0,5,3,4,10,8,30,12,13,10,9,14,14,72
606,6687,25,19,S,M,8,4,4,8,6,4,34,6,20,29,11,66,9,10,5,7,9,9,49,12,12,6,12,14,11,67
607,8139,25,20,S,M,8,2,4,6,8,6,34,2,17,19,9,47,7,10,3,6,10,10,46,8,12,3,6,4,7,40
608,8785,21,16,S,M,8,2,0,8,4,5,27,10,14,9,3,36,0,2,3,0,10,9,24,3,18,6,6,9,2,44
609,9898,25,20,S,M,2,4,4,6,0,4,20,0,19,16,3,38,0,8,3,1,9,9,30,12,8,5,9,6,0,40
610,1106,49,20,S,F,?,?,?,?,?,?,0,0,5,5,0,10,?,?,?,?,?,?,0,0,0,1,0,0,7,8
611,616,21,18,S,F,6,2,0,8,8,3,27,0,20,13,9,42,0,0,3,0,10,10,23,0,0,0,0,2,7,9
612,1226,40,19,S,F,8,0,4,4,0,8,24,0,0,0,0,0,10,0,8,0,0,10,28,0,0,5,12,8,14,39
613,2028,25,16,S,F,?,?,?,?,?,?,0,0,17,9,0,26,0,4,0,0,7,2,13,12,0,5,1,5,6,29
614,2685,25,17,S,F,7,2,2,3,2,3,19,1,18,13,5,37,1,7,0,0,0,10,18,10,6,5,6,14,7,48
615,3335,20,18,S,M,3,2,0,4,0,4,13,0,16,10,3,29,0,7,1,0,8,0,16,12,0,10,0,0,8,30
616,3787,27,17,S,M,3,2,0,6,5,4,20,1,12,20,0,33,3,0,2,0,0,0,5,10,0,1,1,5,4,21
617,4364,22,16,S,M,8,0,4,0,8,6,26,0,18,25,9,52,2,7,3,0,0,8,20,6,0,10,6,6,10,38
618,4867,26,17,S,M,5,2,0,2,1,2,12,1,15,7,5,28,0,1,3,0,0,0,4,0,0,7,6,4,7,24
619,5466,22,16,S,M,8,3,4,2,0,6,23,10,17,12,9,48,0,10,10,0,0,8,28,0,0,3,6,6,7,22
620,6795,25,18,S,M,6,2,4,6,0,5,23,1,11,25,9,46,0,0,0,0,10,7,17,10,0,3,8,13,10,44
621,8163,25,19,S,M,7,3,3,6,2,7,28,1,16,20,2,39,9,4,3,0,0,6,22,12,12,6,4,7,7,48
622,8796,25,17,S,F,4,4,0,6,6,2,22,0,2,4,3,9,0,3,1,0,10,5,19,8,0,5,6,11,7,37
623,9905,25,16,S,M,8,2,3,8,6,8,35,?,?,?,?,0,10,10,2,3,10,10,45,8,0,10,12,14,14,58
624,62,28,19,S,M,4,2,0,0,1,6,13,0,16,12,9,37,0,5,5,0,10,8,28,8,3,6,0,12,8,37
625,627,25,20,S,F,1,0,0,5,1,5,12,0,20,8,2,30,0,8,3,0,0,2,13,3,8,0,4,3,7,25
626,1294,40,18,S,F,8,4,4,8,5,8,37,10,20,30,9,69,7,5,5,7,10,7,41,12,0,9,6,14,11,52
627,2096,21,16,S,F,0,0,0,6,3,2,11,1,16,11,3,31,0,1,7,5,10,0,23,0,0,5,1,11,10,27
628,2758,25,17,S,F,7,0,2,8,4,2,23,0,17,16,3,36,0,7,3,0,10,7,27,10,10,9,8,5,2,44
629,3419,25,17,S,M,7,4,4,3,5,4,27,1,19,13,0,33,0,8,6,0,10,0,24,12,8,10,4,10,10,54
630,3851,28,17,S,M,6,2,1,3,6,4,22,0,18,22,9,49,0,1,3,0,10,4,18,0,8,3,6,5,10,32
631,4375,40,20,S,M,8,4,4,8,8,7,39,10,20,30,9,69,0,5,0,0,0,0,5,12,12,10,6,11,10,61
632,4907,25,19,S,M,8,4,4,8,6,8,38,1,19,26,9,55,5,5,10,0,10,10,40,8,0,7,6,14,7,42
633,5614,25,20,S,M,8,4,4,8,6,8,38,10,20,31,9,70,?,?,?,?,?,?,0,12,11,10,12,14,10,69
634,6908,20,19,S,F,6,2,2,6,4.5,7,27.5,0,19,14,0,33,?,?,?,?,?,?,0,0,0,4,0,2,7,13
635,8174,24,19,S,F,8,2,0,8,6,6,30,1,19,32,9,61,7,0,7,0,10,8,32,10,12,10,7,10,10,59
636,8909,45,20,S,M,8,3,0,7,4,4,26,0,4,12,0,16,0,3,0,0,0,4,7,0,11,4,4,5,7,31
637,9995,21,19,S,M,4,4,3,3,4,2,20,1,20,15,6,42,0,0,0,0,0,4,4,8,0,5,4,8,10,35
